list,internalName,displayName,type,required,indexed,unique,decimals,source,description
TACATDP_Submissions,SubmissionKey,Submission Key,Text,True,True,True,,,
TACATDP_Submissions,FormId,Form ID,Text,False,True,False,,,
TACATDP_Submissions,FormVersion,Form Version,Text,False,True,False,,,
TACATDP_Submissions,SubmissionStatus,Submission Status,Text,False,True,False,,,
TACATDP_Submissions,EnumeratorEmail,Enumerator Email,Text,False,True,False,,,
TACATDP_Submissions,EnumeratorName,Enumerator Name,Text,False,False,False,,,
TACATDP_Submissions,StartedAt,Started At,DateTime,False,False,False,,,
TACATDP_Submissions,SubmittedAt,Submitted At,DateTime,False,False,False,,,
TACATDP_Submissions,LastSavedAt,Last Saved At,DateTime,False,False,False,,,
TACATDP_Submissions,Customer_ID,Customer ID,Number,False,True,False,0,,
TACATDP_Submissions,Customer_Name,Customer Name,Text,False,False,False,,,
TACATDP_Submissions,RegionValue,Region Value,Text,False,True,False,,,
TACATDP_Submissions,DistrictValue,District Value,Text,False,True,False,,,
TACATDP_Submissions,WardValue,Ward Value,Text,False,True,False,,,
TACATDP_Submissions,VillageValue,Village Value,Text,False,True,False,,,
TACATDP_MultiSelectAnswers,SubmissionKey,Submission Key,Text,True,True,False,,,
TACATDP_MultiSelectAnswers,SectionKey,Section Key,Text,False,True,False,,,
TACATDP_MultiSelectAnswers,QuestionName,Question Name,Text,True,True,False,,,
TACATDP_MultiSelectAnswers,ChoiceListName,Choice List Name,Text,True,True,False,,,
TACATDP_MultiSelectAnswers,ChoiceValue,Choice Value,Text,True,True,False,,,
TACATDP_MultiSelectAnswers,ChoiceLabelEn,Choice Label English,Text,False,False,False,,,
TACATDP_MultiSelectAnswers,ChoiceLabelSw,Choice Label Swahili,Text,False,False,False,,,
TACATDP_MultiSelectAnswers,SortOrder,Sort Order,Number,False,False,False,0,,
TACATDP_ProductionCostLines,SubmissionKey,Submission Key,Text,True,True,False,,,
TACATDP_ProductionCostLines,StageCode,Stage Code,Text,True,True,False,,,
TACATDP_ProductionCostLines,StageLabel,Stage Label,Text,False,False,False,,,
TACATDP_ProductionCostLines,CostItemValue,Cost Item Value,Text,False,True,False,,,
TACATDP_ProductionCostLines,CostItemLabel,Cost Item Label,Text,False,False,False,,,
TACATDP_ProductionCostLines,UnitValue,Unit Value,Text,False,False,False,,,
TACATDP_ProductionCostLines,UnitLabel,Unit Label,Text,False,False,False,,,
TACATDP_ProductionCostLines,Quantity,Quantity,Number,False,False,False,2,,
TACATDP_ProductionCostLines,UnitCostTZS,Unit Cost TZS,Currency,False,False,False,2,,
TACATDP_ProductionCostLines,LineTotalTZS,Line Total TZS,Currency,False,False,False,2,,
TACATDP_RefRegions,ChoiceValue,Choice Value,Text,True,True,True,,,
TACATDP_RefRegions,LabelEn,Label English,Text,True,False,False,,,
TACATDP_RefRegions,LabelSw,Label Swahili,Text,False,False,False,,,
TACATDP_RefRegions,SortOrder,Sort Order,Number,False,False,False,0,,
TACATDP_RefDistricts,ChoiceValue,Choice Value,Text,True,True,False,,,
TACATDP_RefDistricts,LabelEn,Label English,Text,True,False,False,,,
TACATDP_RefDistricts,LabelSw,Label Swahili,Text,False,False,False,,,
TACATDP_RefDistricts,RegionValue,Region Value,Text,True,True,False,,,
TACATDP_RefDistricts,SortOrder,Sort Order,Number,False,False,False,0,,
TACATDP_RefWards,ChoiceValue,Choice Value,Text,True,True,False,,,
TACATDP_RefWards,LabelEn,Label English,Text,True,False,False,,,
TACATDP_RefWards,LabelSw,Label Swahili,Text,False,False,False,,,
TACATDP_RefWards,RegionValue,Region Value,Text,True,True,False,,,
TACATDP_RefWards,DistrictValue,District Value,Text,True,True,False,,,
TACATDP_RefWards,SortOrder,Sort Order,Number,False,False,False,0,,
TACATDP_RefVillages,ChoiceValue,Choice Value,Text,True,True,False,,,
TACATDP_RefVillages,LabelEn,Label English,Text,True,False,False,,,
TACATDP_RefVillages,LabelSw,Label Swahili,Text,False,False,False,,,
TACATDP_RefVillages,RegionValue,Region Value,Text,True,True,False,,,
TACATDP_RefVillages,DistrictValue,District Value,Text,True,True,False,,,
TACATDP_RefVillages,WardValue,Ward Value,Text,True,True,False,,,
TACATDP_RefVillages,SortOrder,Sort Order,Number,False,False,False,0,,
TACATDP_RefBranches,ChoiceValue,Choice Value,Text,True,True,False,,,
TACATDP_RefBranches,LabelEn,Label English,Text,True,False,False,,,
TACATDP_RefBranches,LabelSw,Label Swahili,Text,False,False,False,,,
TACATDP_RefBranches,ZoneValue,Zone Value,Text,True,True,False,,,
TACATDP_RefBranches,SortOrder,Sort Order,Number,False,False,False,0,,
TACATDP_RefChoices,ChoiceListName,Choice List Name,Text,True,True,False,,,
TACATDP_RefChoices,ChoiceValue,Choice Value,Text,True,True,False,,,
TACATDP_RefChoices,LabelEn,Label English,Text,True,False,False,,,
TACATDP_RefChoices,LabelSw,Label Swahili,Text,False,False,False,,,
TACATDP_RefChoices,ZoneValue,Zone Value,Text,False,True,False,,,
TACATDP_RefChoices,RegionValue,Region Value,Text,False,True,False,,,
TACATDP_RefChoices,DistrictValue,District Value,Text,False,True,False,,,
TACATDP_RefChoices,WardValue,Ward Value,Text,False,True,False,,,
TACATDP_RefChoices,CropNameValue,Crop Name Value,Text,False,True,False,,,
TACATDP_RefChoices,TechnologyValue,Technology Value,Text,False,True,False,,,
TACATDP_Profile,SubmissionKey,Submission Key,Text,True,True,False,,,
TACATDP_Profile,FormVersion,Form Version,Text,False,True,False,,,
TACATDP_Profile,SectionStatus,Section Status,Text,False,True,False,,,
TACATDP_Profile,LastSavedAt,Last Saved At,DateTime,False,False,False,,,
TACATDP_Profile,Customer_ID,Customer ID,Number,False,False,False,0,xlsform:Customer_ID,
TACATDP_Profile,Customer_Name,Customer Name,Text,False,False,False,,xlsform:Customer_Name,
TACATDP_Profile,GenderValue,Gender Value,Text,False,True,False,,xlsform:Gender,
TACATDP_Profile,GenderLabel,Gender Label,Text,False,False,False,,xlsform:Gender,
TACATDP_Profile,age,Farmer Age,Number,False,False,False,0,xlsform:age,
TACATDP_Profile,Education_LevelValue,Education Level Value,Text,False,True,False,,xlsform:Education_Level,
TACATDP_Profile,Education_LevelLabel,Education Level Label,Text,False,False,False,,xlsform:Education_Level,
TACATDP_Profile,zoneValue,Zone Value,Text,False,True,False,,xlsform:zone,
TACATDP_Profile,zoneLabel,Zone Label,Text,False,False,False,,xlsform:zone,
TACATDP_Profile,CRDB_BranchValue,CRDB Branch Value,Text,False,True,False,,xlsform:CRDB_Branch,
TACATDP_Profile,CRDB_BranchLabel,CRDB Branch Label,Text,False,False,False,,xlsform:CRDB_Branch,
TACATDP_Profile,regionValue,Region Value,Text,False,True,False,,xlsform:region,
TACATDP_Profile,regionLabel,Region Label,Text,False,False,False,,xlsform:region,
TACATDP_Profile,districtValue,District Value,Text,False,True,False,,xlsform:district,
TACATDP_Profile,districtLabel,District Label,Text,False,False,False,,xlsform:district,
TACATDP_Profile,wardValue,Ward Value,Text,False,True,False,,xlsform:ward,
TACATDP_Profile,wardLabel,Ward Label,Text,False,False,False,,xlsform:ward,
TACATDP_Profile,villageValue,Village Value,Text,False,True,False,,xlsform:village,
TACATDP_Profile,villageLabel,Village Label,Text,False,False,False,,xlsform:village,
TACATDP_Profile,GeoreferenceRaw,"***Enumerator: Measure this outside of the house, in front of the main door to the house. You can adjust the location by manually moving the pin on the map. Raw",Text,False,False,False,,xlsform:Georeference,
TACATDP_Profile,GeoreferenceLatitude,"***Enumerator: Measure this outside of the house, in front of the main door to the house. You can adjust the location by manually moving the pin on the map. Latitude",Number,False,False,False,8,xlsform:Georeference,
TACATDP_Profile,GeoreferenceLongitude,"***Enumerator: Measure this outside of the house, in front of the main door to the house. You can adjust the location by manually moving the pin on the map. Longitude",Number,False,False,False,8,xlsform:Georeference,
TACATDP_Profile,GeoreferenceAccuracy,"***Enumerator: Measure this outside of the house, in front of the main door to the house. You can adjust the location by manually moving the pin on the map. Accuracy",Number,False,False,False,2,xlsform:Georeference,
TACATDP_Profile,Farmer_Phone,Farmer Phone,Text,False,False,False,,xlsform:Farmer_Phone,
TACATDP_Profile,loan_amount_tzs,Loan Amount (TZS),Number,False,False,False,0,xlsform:loan_amount_tzs,
TACATDP_Profile,own_farmlandValue,Farmer/House Hold Own Farmland? Value,Text,False,True,False,,xlsform:own_farmland,
TACATDP_Profile,own_farmlandLabel,Farmer/House Hold Own Farmland? Label,Text,False,False,False,,xlsform:own_farmland,
TACATDP_Profile,land_size_acres,Land Size (Acres),Number,False,False,False,0,xlsform:land_size_acres,
TACATDP_Agriculture,SubmissionKey,Submission Key,Text,True,True,False,,,
TACATDP_Agriculture,FormVersion,Form Version,Text,False,True,False,,,
TACATDP_Agriculture,SectionStatus,Section Status,Text,False,True,False,,,
TACATDP_Agriculture,LastSavedAt,Last Saved At,DateTime,False,False,False,,,
TACATDP_ResourceEfficiency,SubmissionKey,Submission Key,Text,True,True,False,,,
TACATDP_ResourceEfficiency,FormVersion,Form Version,Text,False,True,False,,,
TACATDP_ResourceEfficiency,SectionStatus,Section Status,Text,False,True,False,,,
TACATDP_ResourceEfficiency,LastSavedAt,Last Saved At,DateTime,False,False,False,,,
TACATDP_ResourceEfficiency,Uses_IrrigationValue,Uses Irrigation? Value,Text,False,True,False,,xlsform:Uses_Irrigation,
TACATDP_ResourceEfficiency,Uses_IrrigationLabel,Uses Irrigation? Label,Text,False,False,False,,xlsform:Uses_Irrigation,
TACATDP_ResourceEfficiency,other_Irrigation_Type,"Please specify the ""other"" Irrigation Type.",Text,False,False,False,,xlsform:other_Irrigation_Type,
TACATDP_ResourceEfficiency,other_Water_Source,"Please specify the ""other"" Water_Source.",Text,False,False,False,,xlsform:other_Water_Source,
TACATDP_ResourceEfficiency,other_Energy_Source,"Please specify the ""other"" Energy_Source.",Text,False,False,False,,xlsform:other_Energy_Source,
TACATDP_ResourceEfficiency,other_Adopted_Energy,"Please specify the ""other"" Adopted_Energy.",Text,False,False,False,,xlsform:other_Adopted_Energy,
TACATDP_ResourceEfficiency,baseline_yield,Baseline Yield (kg/acre),Number,False,False,False,0,xlsform:baseline_yield,
TACATDP_ResourceEfficiency,yield_after,Yield After TACATDP ARA Diployment (kg/acre),Number,False,False,False,0,xlsform:yield_after,
TACATDP_SocialInclusion,SubmissionKey,Submission Key,Text,True,True,False,,,
TACATDP_SocialInclusion,FormVersion,Form Version,Text,False,True,False,,,
TACATDP_SocialInclusion,SectionStatus,Section Status,Text,False,True,False,,,
TACATDP_SocialInclusion,LastSavedAt,Last Saved At,DateTime,False,False,False,,,
TACATDP_SocialInclusion,farmer_group_memberValue,Is farmer a member of a Farmer Group? Value,Text,False,True,False,,xlsform:farmer_group_member,
TACATDP_SocialInclusion,farmer_group_memberLabel,Is farmer a member of a Farmer Group? Label,Text,False,False,False,,xlsform:farmer_group_member,
TACATDP_SocialInclusion,farmer_group_typeValue,Farmer Group Type Value,Text,False,True,False,,xlsform:farmer_group_type,
TACATDP_SocialInclusion,farmer_group_typeLabel,Farmer Group Type Label,Text,False,False,False,,xlsform:farmer_group_type,
TACATDP_SocialInclusion,male_members,Male Group Members,Number,False,False,False,0,xlsform:male_members,
TACATDP_SocialInclusion,female_members,Female Group Members,Number,False,False,False,0,xlsform:female_members,
TACATDP_SocialInclusion,youth_members,Youth (18-35) Group Members,Number,False,False,False,0,xlsform:youth_members,
TACATDP_SocialInclusion,hh_male,Number of MALE household members,Number,False,False,False,0,xlsform:hh_male,
TACATDP_SocialInclusion,hh_female,Number of FEMALE household members,Number,False,False,False,0,xlsform:hh_female,
TACATDP_SocialInclusion,hh_head_genderValue,Head of Household Gender Value,Text,False,True,False,,xlsform:hh_head_gender,
TACATDP_SocialInclusion,hh_head_genderLabel,Head of Household Gender Label,Text,False,False,False,,xlsform:hh_head_gender,
TACATDP_SocialInclusion,women_decisionValue,Are women direct decision-makers in ARA investment use? Value,Text,False,True,False,,xlsform:women_decision,
TACATDP_SocialInclusion,women_decisionLabel,Are women direct decision-makers in ARA investment use? Label,Text,False,False,False,,xlsform:women_decision,
TACATDP_SocialInclusion,ara_trainingValue,Did individual or farmer group receive ARA training? Value,Text,False,True,False,,xlsform:ara_training,
TACATDP_SocialInclusion,ara_trainingLabel,Did individual or farmer group receive ARA training? Label,Text,False,False,False,,xlsform:ara_training,
TACATDP_SocialInclusion,male_trained,Number of MALE farmers trained,Number,False,False,False,0,xlsform:male_trained,
TACATDP_SocialInclusion,female_trained,Number of FEMALE farmers trained,Number,False,False,False,0,xlsform:female_trained,
TACATDP_SocialInclusion,gender_contentValue,Was gender-responsive content included? Value,Text,False,True,False,,xlsform:gender_content,
TACATDP_SocialInclusion,gender_contentLabel,Was gender-responsive content included? Label,Text,False,False,False,,xlsform:gender_content,
TACATDP_SocialInclusion,gender_focusValue,Brief gender focus description Value,Text,False,True,False,,xlsform:gender_focus,
TACATDP_SocialInclusion,gender_focusLabel,Brief gender focus description Label,Text,False,False,False,,xlsform:gender_focus,
TACATDP_Beneficiaries,SubmissionKey,Submission Key,Text,True,True,False,,,
TACATDP_Beneficiaries,FormVersion,Form Version,Text,False,True,False,,,
TACATDP_Beneficiaries,SectionStatus,Section Status,Text,False,True,False,,,
TACATDP_Beneficiaries,LastSavedAt,Last Saved At,DateTime,False,False,False,,,
TACATDP_Beneficiaries,farm_preparation_dm,Direct Male Beneficiaries,Number,False,False,False,0,xlsform:farm_preparation_dm,
TACATDP_Beneficiaries,farm_preparation_df,Direct Female Beneficiaries,Number,False,False,False,0,xlsform:farm_preparation_df,
TACATDP_Beneficiaries,farm_preparation_dy,Direct Youth (18-35),Number,False,False,False,0,xlsform:farm_preparation_dy,
TACATDP_Beneficiaries,farm_preparation_im,Indirect Male Beneficiaries,Number,False,False,False,0,xlsform:farm_preparation_im,
TACATDP_Beneficiaries,farm_preparation_if,Indirect Female Beneficiaries,Number,False,False,False,0,xlsform:farm_preparation_if,
TACATDP_Beneficiaries,farm_preparation_iy,Indirect Youth (18-35),Number,False,False,False,0,xlsform:farm_preparation_iy,
TACATDP_Beneficiaries,farm_operations_dm,Direct Male Beneficiaries,Number,False,False,False,0,xlsform:farm_operations_dm,
TACATDP_Beneficiaries,farm_operations_df,Direct Female Beneficiaries,Number,False,False,False,0,xlsform:farm_operations_df,
TACATDP_Beneficiaries,farm_operations_dy,Direct Youth (18-35),Number,False,False,False,0,xlsform:farm_operations_dy,
TACATDP_Beneficiaries,farm_operations_im,Indirect Male Beneficiaries,Number,False,False,False,0,xlsform:farm_operations_im,
TACATDP_Beneficiaries,farm_operations_if,Indirect Female Beneficiaries,Number,False,False,False,0,xlsform:farm_operations_if,
TACATDP_Beneficiaries,farm_operations_iy,Indirect Youth (18-35),Number,False,False,False,0,xlsform:farm_operations_iy,
TACATDP_Beneficiaries,input_supply_dm,Direct Male Beneficiaries,Number,False,False,False,0,xlsform:input_supply_dm,
TACATDP_Beneficiaries,input_supply_df,Direct Female Beneficiaries,Number,False,False,False,0,xlsform:input_supply_df,
TACATDP_Beneficiaries,input_supply_dy,Direct Youth (18-35),Number,False,False,False,0,xlsform:input_supply_dy,
TACATDP_Beneficiaries,input_supply_im,Indirect Male Beneficiaries,Number,False,False,False,0,xlsform:input_supply_im,
TACATDP_Beneficiaries,input_supply_if,Indirect Female Beneficiaries,Number,False,False,False,0,xlsform:input_supply_if,
TACATDP_Beneficiaries,input_supply_iy,Indirect Youth (18-35),Number,False,False,False,0,xlsform:input_supply_iy,
TACATDP_Beneficiaries,weeding_dm,Direct Male Beneficiaries,Number,False,False,False,0,xlsform:weeding_dm,
TACATDP_Beneficiaries,weeding_df,Direct Female Beneficiaries,Number,False,False,False,0,xlsform:weeding_df,
TACATDP_Beneficiaries,weeding_dy,Direct Youth (18-35),Number,False,False,False,0,xlsform:weeding_dy,
TACATDP_Beneficiaries,weeding_im,Indirect Male Beneficiaries,Number,False,False,False,0,xlsform:weeding_im,
TACATDP_Beneficiaries,weeding_if,Indirect Female Beneficiaries,Number,False,False,False,0,xlsform:weeding_if,
TACATDP_Beneficiaries,weeding_iy,Indirect Youth (18-35),Number,False,False,False,0,xlsform:weeding_iy,
TACATDP_Beneficiaries,pest_dm,Direct Male Beneficiaries,Number,False,False,False,0,xlsform:pest_dm,
TACATDP_Beneficiaries,pest_df,Direct Female Beneficiaries,Number,False,False,False,0,xlsform:pest_df,
TACATDP_Beneficiaries,pest_dy,Direct Youth (18-35),Number,False,False,False,0,xlsform:pest_dy,
TACATDP_Beneficiaries,pest_im,Indirect Male Beneficiaries,Number,False,False,False,0,xlsform:pest_im,
TACATDP_Beneficiaries,pest_if,Indirect Female Beneficiaries,Number,False,False,False,0,xlsform:pest_if,
TACATDP_Beneficiaries,pest_iy,Indirect Youth (18-35),Number,False,False,False,0,xlsform:pest_iy,
TACATDP_Beneficiaries,harvesting_dm,Direct Male Beneficiaries,Number,False,False,False,0,xlsform:harvesting_dm,
TACATDP_Beneficiaries,harvesting_df,Direct Female Beneficiaries,Number,False,False,False,0,xlsform:harvesting_df,
TACATDP_Beneficiaries,harvesting_dy,Direct Youth (18-35),Number,False,False,False,0,xlsform:harvesting_dy,
TACATDP_Beneficiaries,harvesting_im,Indirect Male Beneficiaries,Number,False,False,False,0,xlsform:harvesting_im,
TACATDP_Beneficiaries,harvesting_if,Indirect Female Beneficiaries,Number,False,False,False,0,xlsform:harvesting_if,
TACATDP_Beneficiaries,harvesting_iy,Indirect Youth (18-35),Number,False,False,False,0,xlsform:harvesting_iy,
TACATDP_Beneficiaries,postharvest_dm,Direct Male Beneficiaries,Number,False,False,False,0,xlsform:postharvest_dm,
TACATDP_Beneficiaries,postharvest_df,Direct Female Beneficiaries,Number,False,False,False,0,xlsform:postharvest_df,
TACATDP_Beneficiaries,postharvest_dy,Direct Youth (18-35),Number,False,False,False,0,xlsform:postharvest_dy,
TACATDP_Beneficiaries,postharvest_im,Indirect Male Beneficiaries,Number,False,False,False,0,xlsform:postharvest_im,
TACATDP_Beneficiaries,postharvest_if,Indirect Female Beneficiaries,Number,False,False,False,0,xlsform:postharvest_if,
TACATDP_Beneficiaries,postharvest_iy,Indirect Youth (18-35),Number,False,False,False,0,xlsform:postharvest_iy,
TACATDP_Beneficiaries,storage_dm,Direct Male Beneficiaries,Number,False,False,False,0,xlsform:storage_dm,
TACATDP_Beneficiaries,storage_df,Direct Female Beneficiaries,Number,False,False,False,0,xlsform:storage_df,
TACATDP_Beneficiaries,storage_dy,Direct Youth (18-35),Number,False,False,False,0,xlsform:storage_dy,
TACATDP_Beneficiaries,storage_im,Indirect Male Beneficiaries,Number,False,False,False,0,xlsform:storage_im,
TACATDP_Beneficiaries,storage_if,Indirect Female Beneficiaries,Number,False,False,False,0,xlsform:storage_if,
TACATDP_Beneficiaries,storage_iy,Indirect Youth (18-35),Number,False,False,False,0,xlsform:storage_iy,
TACATDP_Beneficiaries,transport_dm,Direct Male Beneficiaries,Number,False,False,False,0,xlsform:transport_dm,
TACATDP_Beneficiaries,transport_df,Direct Female Beneficiaries,Number,False,False,False,0,xlsform:transport_df,
TACATDP_Beneficiaries,transport_dy,Direct Youth (18-35),Number,False,False,False,0,xlsform:transport_dy,
TACATDP_Beneficiaries,transport_im,Indirect Male Beneficiaries,Number,False,False,False,0,xlsform:transport_im,
TACATDP_Beneficiaries,transport_if,Indirect Female Beneficiaries,Number,False,False,False,0,xlsform:transport_if,
TACATDP_Beneficiaries,transport_iy,Indirect Youth (18-35),Number,False,False,False,0,xlsform:transport_iy,
TACATDP_Beneficiaries,processing_dm,Direct Male Beneficiaries,Number,False,False,False,0,xlsform:processing_dm,
TACATDP_Beneficiaries,processing_df,Direct Female Beneficiaries,Number,False,False,False,0,xlsform:processing_df,
TACATDP_Beneficiaries,processing_dy,Direct Youth (18-35),Number,False,False,False,0,xlsform:processing_dy,
TACATDP_Beneficiaries,processing_im,Indirect Male Beneficiaries,Number,False,False,False,0,xlsform:processing_im,
TACATDP_Beneficiaries,processing_if,Indirect Female Beneficiaries,Number,False,False,False,0,xlsform:processing_if,
TACATDP_Beneficiaries,processing_iy,Indirect Youth (18-35),Number,False,False,False,0,xlsform:processing_iy,
TACATDP_Beneficiaries,aquaculture_dm,Direct Male Beneficiaries,Number,False,False,False,0,xlsform:aquaculture_dm,
TACATDP_Beneficiaries,aquaculture_df,Direct Female Beneficiaries,Number,False,False,False,0,xlsform:aquaculture_df,
TACATDP_Beneficiaries,aquaculture_dy,Direct Youth (18-35),Number,False,False,False,0,xlsform:aquaculture_dy,
TACATDP_Beneficiaries,aquaculture_im,Indirect Male Beneficiaries,Number,False,False,False,0,xlsform:aquaculture_im,
TACATDP_Beneficiaries,aquaculture_if,Indirect Female Beneficiaries,Number,False,False,False,0,xlsform:aquaculture_if,
TACATDP_Beneficiaries,aquaculture_iy,Indirect Youth (18-35),Number,False,False,False,0,xlsform:aquaculture_iy,
TACATDP_Beneficiaries,landing_dm,Direct Male Beneficiaries,Number,False,False,False,0,xlsform:landing_dm,
TACATDP_Beneficiaries,landing_df,Direct Female Beneficiaries,Number,False,False,False,0,xlsform:landing_df,
TACATDP_Beneficiaries,landing_dy,Direct Youth (18-35),Number,False,False,False,0,xlsform:landing_dy,
TACATDP_Beneficiaries,landing_im,Indirect Male Beneficiaries,Number,False,False,False,0,xlsform:landing_im,
TACATDP_Beneficiaries,landing_if,Indirect Female Beneficiaries,Number,False,False,False,0,xlsform:landing_if,
TACATDP_Beneficiaries,landing_iy,Indirect Youth (18-35),Number,False,False,False,0,xlsform:landing_iy,
TACATDP_Beneficiaries,aquaponics_dm,Direct Male Beneficiaries,Number,False,False,False,0,xlsform:aquaponics_dm,
TACATDP_Beneficiaries,aquaponics_df,Direct Female Beneficiaries,Number,False,False,False,0,xlsform:aquaponics_df,
TACATDP_Beneficiaries,aquaponics_dy,Direct Youth (18-35),Number,False,False,False,0,xlsform:aquaponics_dy,
TACATDP_Beneficiaries,aquaponics_im,Indirect Male Beneficiaries,Number,False,False,False,0,xlsform:aquaponics_im,
TACATDP_Beneficiaries,aquaponics_if,Indirect Female Beneficiaries,Number,False,False,False,0,xlsform:aquaponics_if,
TACATDP_Beneficiaries,aquaponics_iy,Indirect Youth (18-35),Number,False,False,False,0,xlsform:aquaponics_iy,
TACATDP_Beneficiaries,marketing_dm,Direct Male Beneficiaries,Number,False,False,False,0,xlsform:marketing_dm,
TACATDP_Beneficiaries,marketing_df,Direct Female Beneficiaries,Number,False,False,False,0,xlsform:marketing_df,
TACATDP_Beneficiaries,marketing_dy,Direct Youth (18-35),Number,False,False,False,0,xlsform:marketing_dy,
TACATDP_Beneficiaries,marketing_im,Indirect Male Beneficiaries,Number,False,False,False,0,xlsform:marketing_im,
TACATDP_Beneficiaries,marketing_if,Indirect Female Beneficiaries,Number,False,False,False,0,xlsform:marketing_if,
TACATDP_Beneficiaries,marketing_iy,Indirect Youth (18-35),Number,False,False,False,0,xlsform:marketing_iy,
TACATDP_Beneficiaries,consumption_dm,Direct Male Beneficiaries,Number,False,False,False,0,xlsform:consumption_dm,
TACATDP_Beneficiaries,consumption_df,Direct Female Beneficiaries,Number,False,False,False,0,xlsform:consumption_df,
TACATDP_Beneficiaries,consumption_dy,Direct Youth (18-35),Number,False,False,False,0,xlsform:consumption_dy,
TACATDP_Beneficiaries,consumption_im,Indirect Male Beneficiaries,Number,False,False,False,0,xlsform:consumption_im,
TACATDP_Beneficiaries,consumption_if,Indirect Female Beneficiaries,Number,False,False,False,0,xlsform:consumption_if,
TACATDP_Beneficiaries,consumption_iy,Indirect Youth (18-35),Number,False,False,False,0,xlsform:consumption_iy,
TACATDP_Beneficiaries,training_dm,Direct Male Beneficiaries,Number,False,False,False,0,xlsform:training_dm,
TACATDP_Beneficiaries,training_df,Direct Female Beneficiaries,Number,False,False,False,0,xlsform:training_df,
TACATDP_Beneficiaries,training_dy,Direct Youth (18-35),Number,False,False,False,0,xlsform:training_dy,
TACATDP_Beneficiaries,training_im,Indirect Male Beneficiaries,Number,False,False,False,0,xlsform:training_im,
TACATDP_Beneficiaries,training_if,Indirect Female Beneficiaries,Number,False,False,False,0,xlsform:training_if,
TACATDP_Beneficiaries,training_iy,Indirect Youth (18-35),Number,False,False,False,0,xlsform:training_iy,
TACATDP_Beneficiaries,aracsa_dm,Direct Male Beneficiaries,Number,False,False,False,0,xlsform:aracsa_dm,
TACATDP_Beneficiaries,aracsa_df,Direct Female Beneficiaries,Number,False,False,False,0,xlsform:aracsa_df,
TACATDP_Beneficiaries,aracsa_dy,Direct Youth (18-35),Number,False,False,False,0,xlsform:aracsa_dy,
TACATDP_Beneficiaries,aracsa_im,Indirect Male Beneficiaries,Number,False,False,False,0,xlsform:aracsa_im,
TACATDP_Beneficiaries,aracsa_if,Indirect Female Beneficiaries,Number,False,False,False,0,xlsform:aracsa_if,
TACATDP_Beneficiaries,aracsa_iy,Indirect Youth (18-35),Number,False,False,False,0,xlsform:aracsa_iy,
TACATDP_Beneficiaries,other_dm,Direct Male Beneficiaries,Number,False,False,False,0,xlsform:other_dm,
TACATDP_Beneficiaries,other_df,Direct Female Beneficiaries,Number,False,False,False,0,xlsform:other_df,
TACATDP_Beneficiaries,other_dy,Direct Youth (18-35),Number,False,False,False,0,xlsform:other_dy,
TACATDP_Beneficiaries,other_im,Indirect Male Beneficiaries,Number,False,False,False,0,xlsform:other_im,
TACATDP_Beneficiaries,other_if,Indirect Female Beneficiaries,Number,False,False,False,0,xlsform:other_if,
TACATDP_Beneficiaries,other_iy,Indirect Youth (18-35),Number,False,False,False,0,xlsform:other_iy,
TACATDP_SafeguardsClimate,SubmissionKey,Submission Key,Text,True,True,False,,,
TACATDP_SafeguardsClimate,FormVersion,Form Version,Text,False,True,False,,,
TACATDP_SafeguardsClimate,SectionStatus,Section Status,Text,False,True,False,,,
TACATDP_SafeguardsClimate,LastSavedAt,Last Saved At,DateTime,False,False,False,,,
TACATDP_SafeguardsClimate,exclusion_screen_passedValue,Exclusion Screen Passed? Value,Text,False,True,False,,xlsform:exclusion_screen_passed,
TACATDP_SafeguardsClimate,exclusion_screen_passedLabel,Exclusion Screen Passed? Label,Text,False,False,False,,xlsform:exclusion_screen_passed,
TACATDP_SafeguardsClimate,es_risk_categoryValue,E&S Risk Category Value,Text,False,True,False,,xlsform:es_risk_category,
TACATDP_SafeguardsClimate,es_risk_categoryLabel,E&S Risk Category Label,Text,False,False,False,,xlsform:es_risk_category,
TACATDP_SafeguardsClimate,disclosure_publishedValue,Disclosure Published? Value,Text,False,True,False,,xlsform:disclosure_published,
TACATDP_SafeguardsClimate,disclosure_publishedLabel,Disclosure Published? Label,Text,False,False,False,,xlsform:disclosure_published,
TACATDP_SafeguardsClimate,disclosure_date,Disclosure Date,DateTime,False,False,False,,xlsform:disclosure_date,
TACATDP_SafeguardsClimate,grm_complaintValue,GRM Complaint? Value,Text,False,True,False,,xlsform:grm_complaint,
TACATDP_SafeguardsClimate,grm_complaintLabel,GRM Complaint? Label,Text,False,False,False,,xlsform:grm_complaint,
TACATDP_SafeguardsClimate,ess_grievanceValue,Is there an ESS related grievance/complaint related to project/farm? Value,Text,False,True,False,,xlsform:ess_grievance,
TACATDP_SafeguardsClimate,ess_grievanceLabel,Is there an ESS related grievance/complaint related to project/farm? Label,Text,False,False,False,,xlsform:ess_grievance,
TACATDP_SafeguardsClimate,grievance_name,Briefly name the Complaint/Grievance,Text,False,False,False,,xlsform:grievance_name,
TACATDP_SafeguardsClimate,grievance_stageValue,What stage of GRM for above Compliant/Grivance? Value,Text,False,True,False,,xlsform:grievance_stage,
TACATDP_SafeguardsClimate,grievance_stageLabel,What stage of GRM for above Compliant/Grivance? Label,Text,False,False,False,,xlsform:grievance_stage,
TACATDP_SafeguardsClimate,grievance_name_other,Other stage of GRM for above Compliant/Grivance?,Text,False,False,False,,xlsform:grievance_name_other,
TACATDP_SafeguardsClimate,other_Climate_hazards,"Please specify the ""other"" Climate_hazards.",Text,False,False,False,,xlsform:other_Climate_hazards,
TACATDP_SafeguardsClimate,frequentlyValue,How frequently do these climate events occur Value,Text,False,True,False,,xlsform:frequently,
TACATDP_SafeguardsClimate,frequentlyLabel,How frequently do these climate events occur Label,Text,False,False,False,,xlsform:frequently,
TACATDP_SafeguardsClimate,other_collateral,"Please specify the ""other""",Text,False,False,False,,xlsform:other_collateral,
TACATDP_SafeguardsClimate,exposure_levelValue,How exposed is your collateral to climate risks? Value,Text,False,True,False,,xlsform:exposure_level,
TACATDP_SafeguardsClimate,exposure_levelLabel,How exposed is your collateral to climate risks? Label,Text,False,False,False,,xlsform:exposure_level,
TACATDP_InsuranceGuarantee,SubmissionKey,Submission Key,Text,True,True,False,,,
TACATDP_InsuranceGuarantee,FormVersion,Form Version,Text,False,True,False,,,
TACATDP_InsuranceGuarantee,SectionStatus,Section Status,Text,False,True,False,,,
TACATDP_InsuranceGuarantee,LastSavedAt,Last Saved At,DateTime,False,False,False,,,
TACATDP_InsuranceGuarantee,accessed_insuranceValue,Accessed TACATDP Insurance Value,Text,False,True,False,,xlsform:accessed_insurance,
TACATDP_InsuranceGuarantee,accessed_insuranceLabel,Accessed TACATDP Insurance Label,Text,False,False,False,,xlsform:accessed_insurance,
TACATDP_InsuranceGuarantee,insurance_yearValue,Insurance Year Value,Text,False,True,False,,xlsform:insurance_year,
TACATDP_InsuranceGuarantee,insurance_yearLabel,Insurance Year Label,Text,False,False,False,,xlsform:insurance_year,
TACATDP_InsuranceGuarantee,insurance_typeValue,Insurance Type Value,Text,False,True,False,,xlsform:insurance_type,
TACATDP_InsuranceGuarantee,insurance_typeLabel,Insurance Type Label,Text,False,False,False,,xlsform:insurance_type,
TACATDP_InsuranceGuarantee,guarantee_coverageValue,Guarantee Coverage % Value,Text,False,True,False,,xlsform:guarantee_coverage,
TACATDP_InsuranceGuarantee,guarantee_coverageLabel,Guarantee Coverage % Label,Text,False,False,False,,xlsform:guarantee_coverage,
TACATDP_GHGWaterYield,SubmissionKey,Submission Key,Text,True,True,False,,,
TACATDP_GHGWaterYield,FormVersion,Form Version,Text,False,True,False,,,
TACATDP_GHGWaterYield,SectionStatus,Section Status,Text,False,True,False,,,
TACATDP_GHGWaterYield,LastSavedAt,Last Saved At,DateTime,False,False,False,,,
TACATDP_GHGWaterYield,baseline_techValue,Baseline Technology Value,Text,False,True,False,,xlsform:baseline_tech,
TACATDP_GHGWaterYield,baseline_techLabel,Baseline Technology Label,Text,False,False,False,,xlsform:baseline_tech,
TACATDP_GHGWaterYield,other_baseline_tech,Other Baseline Technology,Text,False,False,False,,xlsform:other_baseline_tech,
TACATDP_GHGWaterYield,new_techValue,New Financed Technology Value,Text,False,True,False,,xlsform:new_tech,
TACATDP_GHGWaterYield,new_techLabel,New Financed Technology Label,Text,False,False,False,,xlsform:new_tech,
TACATDP_GHGWaterYield,other_new_tech,Other New Financed Technology,Text,False,False,False,,xlsform:other_new_tech,
TACATDP_GHGWaterYield,energy_baseValue,Energy Source Baseline Value,Text,False,True,False,,xlsform:energy_base,
TACATDP_GHGWaterYield,energy_baseLabel,Energy Source Baseline Label,Text,False,False,False,,xlsform:energy_base,
TACATDP_GHGWaterYield,other_energy_base,Other Energy Source Baseline,Text,False,False,False,,xlsform:other_energy_base,
TACATDP_GHGWaterYield,energy_afterValue,Energy Source After Value,Text,False,True,False,,xlsform:energy_after,
TACATDP_GHGWaterYield,energy_afterLabel,Energy Source After Label,Text,False,False,False,,xlsform:energy_after,
TACATDP_GHGWaterYield,other_energy_after,Other Energy Source After,Text,False,False,False,,xlsform:other_energy_after,
TACATDP_GHGWaterYield,base_hours,Baseline Hours/year,Number,False,False,False,2,xlsform:base_hours,
TACATDP_GHGWaterYield,diesel_rate,Diesel Rate (L/hr),Number,False,False,False,2,xlsform:diesel_rate,
TACATDP_GHGWaterYield,diesel_proj,Project Diesel Use (L/year),Number,False,False,False,2,xlsform:diesel_proj,
TACATDP_GHGWaterYield,lifespan,Lifespan,Number,False,False,False,0,xlsform:lifespan,
TACATDP_GHGWaterYield,cropValue,Crop Type Value,Text,False,True,False,,xlsform:crop,
TACATDP_GHGWaterYield,cropLabel,Crop Type Label,Text,False,False,False,,xlsform:crop,
TACATDP_GHGWaterYield,area,Irrigated Area (Ha),Number,False,False,False,2,xlsform:area,
TACATDP_GHGWaterYield,water_techValue,Newly Adopted Sustainable Irrigation Technology Value,Text,False,True,False,,xlsform:water_tech,
TACATDP_GHGWaterYield,water_techLabel,Newly Adopted Sustainable Irrigation Technology Label,Text,False,False,False,,xlsform:water_tech,
TACATDP_GHGWaterYield,other_water_tech,Other Newly Adopted Sustainable Irrigation Technology,Text,False,False,False,,xlsform:other_water_tech,
TACATDP_GHGWaterYield,irr_baseValue,Baseline Unsustainable Irrigation Practice to Be Replaced Value,Text,False,True,False,,xlsform:irr_base,
TACATDP_GHGWaterYield,irr_baseLabel,Baseline Unsustainable Irrigation Practice to Be Replaced Label,Text,False,False,False,,xlsform:irr_base,
TACATDP_GHGWaterYield,other_irr_base,Other Baseline Unsustainable Irrigation Practice to Be Replaced,Text,False,False,False,,xlsform:other_irr_base,
TACATDP_GHGWaterYield,water_base,Water Baseline (m³/year),Number,False,False,False,2,xlsform:water_base,
TACATDP_GHGWaterYield,water_after,Water After (m³/year),Number,False,False,False,2,xlsform:water_after,
TACATDP_GHGWaterYield,yield_base,Baseline Yield (kg),Number,False,False,False,2,xlsform:yield_base,
TACATDP_GHGWaterYield,price_base,Price Before (TZS/kg),Currency,False,False,False,2,xlsform:price_base,
TACATDP_GHGWaterYield,yield_after1,Yield After Intervention (kg),Number,False,False,False,2,xlsform:yield_after1,
TACATDP_GHGWaterYield,price_after1,Price After (TZS/kg),Currency,False,False,False,2,xlsform:price_after1,
TACATDP_GHGWaterYield,quantify_costValue,Would you like to quantify production cost and income? Value,Text,False,True,False,,xlsform:quantify_cost,
TACATDP_GHGWaterYield,quantify_costLabel,Would you like to quantify production cost and income? Label,Text,False,False,False,,xlsform:quantify_cost,
TACATDP_ProductionIncome,SubmissionKey,Submission Key,Text,True,True,False,,,
TACATDP_ProductionIncome,FormVersion,Form Version,Text,False,True,False,,,
TACATDP_ProductionIncome,SectionStatus,Section Status,Text,False,True,False,,,
TACATDP_ProductionIncome,LastSavedAt,Last Saved At,DateTime,False,False,False,,,
TACATDP_ProductionIncome,reporting_periodValue,Reporting period Value,Text,False,True,False,,xlsform:reporting_period,
TACATDP_ProductionIncome,reporting_periodLabel,Reporting period Label,Text,False,False,False,,xlsform:reporting_period,
TACATDP_ProductionIncome,farm_size,Cultivated area (Acres),Number,False,False,False,2,xlsform:farm_size,
TACATDP_ProductionIncome,production_before,Production before TACATDP (kg),Number,False,False,False,2,xlsform:production_before,
TACATDP_ProductionIncome,production_after,Production after TACATDP (kg),Number,False,False,False,2,xlsform:production_after,
TACATDP_ProductionIncome,qty_sold,Quantity sold,Number,False,False,False,2,xlsform:qty_sold,
TACATDP_ProductionIncome,selling_price,Selling price (TZS per unit),Currency,False,False,False,2,xlsform:selling_price,
TACATDP_ProductionIncome,household_consumption,Quantity consumed at home,Number,False,False,False,2,xlsform:household_consumption,
TACATDP_ProductionIncome,baseline_loss,Post-harvest loss before TACATDP,Number,False,False,False,2,xlsform:baseline_loss,
TACATDP_ProductionIncome,current_loss,Post-harvest loss after TACATDP,Number,False,False,False,2,xlsform:current_loss,
TACATDP_ProductionIncome,intervention_other,Specify other intervention,Text,False,False,False,,xlsform:intervention_other,
TACATDP_ProductionIncome,adaptation_result_other,Specify other intervention,Text,False,False,False,,xlsform:adaptation_result_other,
TACATDP_ProductionIncome,verificationValue,Source of verification Value,Text,False,True,False,,xlsform:verification,
TACATDP_ProductionIncome,verificationLabel,Source of verification Label,Text,False,False,False,,xlsform:verification,
TACATDP_ProductionIncome,verification_other,Specify other source of verification,Text,False,False,False,,xlsform:verification_other,
