survey_row,type,base_type,name,label_en,label_sw,hint_en,required,required_message,relevance,constraint,constraint_message,default,appearance,choice_filter,choice_list,powerapps_control,microsoft_lists_column,microsoft_lists_type,implementation_status,notes
9,integer,integer,Customer_ID,Customer ID,Customer ID,,,,,,,,,,,,,,input,
10,text,text,Customer_Name,Customer Name,Customer Name,,,,,,,,,,,,,,input,
11,select_one Gender,select_one,Gender,Gender,Jinsia,,yes,,,,,,,,Gender,,,,input,
12,integer,integer,age,Farmer Age,Umri wa mkulima,,,,,,,,,,,,,,input,
15,select_one Education_Level,select_one,Education_Level,Education Level,Kiwango cha elimu,,yes,,,,,,,,Education_Level,,,,input,
16,select_one Zone,select_one,zone,Zone,Kanda,,yes,,,,,,,,Zone,,,,input,
17,select_one branch,select_one,CRDB_Branch,CRDB Branch,Tawi la CRDB,,yes,,,,,,,zone=${zone},branch,,,,input,
18,select_one region,select_one,region,Region,Mkoa,,yes,,,,,,,,region,,,,input,
19,select_one district,select_one,district,District,Wilaya,,yes,,,,,,,region=${region},district,,,,input,
20,select_one ward,select_one,ward,Ward,Kata,,yes,,,,,,,region=${region} and district=${district},ward,,,,input,
21,select_one village,select_one,village,Village,Kijiji,,yes,,,,,,,region=${region} and district=${district} and ward=${ward},village,,,,input,
22,geopoint,geopoint,Georeference,"***Enumerator: Measure this outside of the house, in front of the main door to the house. You can adjust the location by manually moving the pin on the map.","Mhojaji: Chukua codinate nje ya nyumba, mbele ya mlango mkuu wa nyumba. Unaweza kubadilisha mahali kwa kusogeza kidole kwenye ramani.
Maelezo ya GPS yanaweza kukusanywa tu ukiwa nje ya nyumba.",,,,,,,,placement-map,,,,,,input,
23,text,text,Farmer_Phone,Farmer Phone,Namba ya Simu ya Mkulima,,yes,,,"(regex(.,'0\d{9}') and string-length(.)=10) or .=-444 or .=-888",Insert a 10-digit number including the zero in the beginning!,,numbers_phone,,,,,,input,
24,integer,integer,loan_amount_tzs,Loan Amount (TZS),Kiasi cha Mkopo (TZS),,yes,,,. >= 200000,"Kiasi cha mkopo lazima kiwe TZS 200,000 au zaidi.",,,,,,,,input,
27,select_one Yes_No,select_one,own_farmland,Farmer/House Hold Own Farmland?,"Je, mkulima au kaya yake inamiliki shamba?",,yes,,,,,,,,Yes_No,,,,input,
28,integer,integer,land_size_acres,Land Size (Acres),Ukubwa wa shamba ni ekari ngapi?,,yes,,,,,,,,,,,,input,
31,select_multiple crop_name,select_multiple,crop_name,Crop Name,Jina la Zao,,yes,,,,,,,,crop_name,,,,input,
32,select_multiple crop_category,select_multiple,crop_category,Crop Category,Aina ya Zao,,yes,,,,,,,,crop_category,,,,input,
33,select_multiple crop_adaptation,select_multiple,crop_adaptation,Crop Adaptation and Resilience Rationale,Sababu za Uhimilivu na Ustahimilivu wa Zao kwa Mabadiliko ya Tabianchi,,yes,,,,,,,"selected(${crop_name}, crop_name)",crop_adaptation,,,,input,
34,select_multiple technology,select_multiple,technology,TACATDP ARA Technology Diployed,Teknolojia ya TACATDP ARA Iliyotekelezwa,,yes,,,,,,,,technology,,,,input,
35,select_multiple climate_risk,select_multiple,climate_risk,Available Key Climate Risks/hazards,Hatari Kuu za Tabianchi Zinazopatikana,,yes,,,,,,,"selected(${technology}, technology)",climate_risk,,,,input,
36,select_multiple adaptation,select_multiple,adaptation,Adaptation Rationale,Sababu za Kukabiliana na Mabadiliko ya Tabianchi,,yes,,,,,,,"selected(${technology}, technology)",adaptation,,,,input,
37,select_multiple additional,select_multiple,additional,Additionality (Mitigation Co- benefit),Faida za Ziada (Manufaa ya Kupunguza Athari za Mabadiliko ya Tabianchi),,yes,,,,,,,"selected(${technology}, technology)",additional,,,,input,
38,select_multiple SDGs,select_multiple,SDGs,Applicable SDG Alignment,Malengo Husika ya Maendeleo Endelevu (SDGs) Yanayohusiana,,yes,,,,,,,"selected(${technology}, technology)",SDGs,,,,input,
42,select_one Yes_No,select_one,Uses_Irrigation,Uses Irrigation?,Unatumia njia za umwagiliaji,,yes,,,,,,,,Yes_No,,,,input,
43,select_multiple Irrigation_Type,select_multiple,Irrigation_Type,Irrigation Type,Aina za umwagiliaji,,yes,,${Uses_Irrigation}='1',,,,,,Irrigation_Type,,,,input,
44,text,text,other_Irrigation_Type,"Please specify the ""other"" Irrigation Type.",Tafadhali aina nyiingine ya umwagiliaji.,,yes,,"selected(${Irrigation_Type}, '96')",,,,,,,,,,input,
45,select_multiple Water_Source,select_multiple,Water_Source,Water Source,Chanzo cha maji,,yes,,,,,,,,Water_Source,,,,input,
46,text,text,other_Water_Source,"Please specify the ""other"" Water_Source.",Tafadhali aina nyiingine chanzo cha maji.,,yes,,"selected(${Water_Source}, '96')",,,,,,,,,,input,
47,select_multiple Energy_Source,select_multiple,Energy_Source,Current Energy Source Used in Production / Processing,Chanzo cha Nishati Kinachotumika Hivi Sasa katika Uzalishaji/Uchakataji,,yes,,,,,,,,Energy_Source,,,,input,
48,text,text,other_Energy_Source,"Please specify the ""other"" Energy_Source.",Tafadhali aina nyiingine chanzo cha nishati.,,yes,,"selected(${Energy_Source}, '96')",,,,,,,,,,input,
49,select_multiple Adopted_Energy,select_multiple,Adopted_Energy,Adopted Energy Source Diployed (After) ARA Adoption,Chanzo cha Nishati Kilichotumika Baada ya Utekelezaji wa Teknolojia ya ARA,,yes,,,,,,,,Adopted_Energy,,,,input,
50,text,text,other_Adopted_Energy,"Please specify the ""other"" Adopted_Energy.",Tafadhali aina nyiingine chanzo cha nishati kilichotumia.,,yes,,"selected(${Adopted_Energy}, '96')",,,,,,,,,,input,
51,integer,integer,baseline_yield,Baseline Yield (kg/acre),Mavuno ya Awali (kg/eka),,yes,,,. >= 0,,,,,,,,,input,
52,integer,integer,yield_after,Yield After TACATDP ARA Diployment (kg/acre),Mavuno Baada ya Utekelezaji wa Teknolojia ya TACATDP ARA (kg/eka),,yes,,,. >= ${baseline_yield},,,,,,,,,input,
57,select_one Yes_No,select_one,farmer_group_member,Is farmer a member of a Farmer Group?,"Je, mkulima ni mwanachama wa Kikundi cha Wakulima?",,yes,,,,,,,,Yes_No,,,,input,
58,select_one group_type,select_one,farmer_group_type,Farmer Group Type,Aina ya Kikundi cha Wakulima,,yes,,${farmer_group_member}='1',,,,,,group_type,,,,input,
59,integer,integer,male_members,Male Group Members,Idadi ya Wanachama wa Kiume,,yes,,${farmer_group_member}='1',. >= 0,,,,,,,,,input,
60,integer,integer,female_members,Female Group Members,Idadi ya Wanachama wa Kike,,yes,,${farmer_group_member}='1',. >= 0,,,,,,,,,input,
62,integer,integer,youth_members,Youth (18-35) Group Members,Idadi ya Wanachama Vijana (Miaka 18-35),,yes,,${farmer_group_member}='1',. >= 1 and . <= ${total_members},,,,,,,,,input,
69,integer,integer,hh_male,Number of MALE household members,Idadi ya Wanakaya wa Kiume,,yes,,,. >= 0,,,,,,,,,input,
70,integer,integer,hh_female,Number of FEMALE household members,Idadi ya Wanakaya wa Kike,,yes,,,. >= 0,,,,,,,,,input,
73,select_one Gender,select_one,hh_head_gender,Head of Household Gender,Jinsia ya Mkuu wa Kaya,,yes,,,,,,,,Gender,,,,input,
74,select_one Yes_No,select_one,women_decision,Are women direct decision-makers in ARA investment use?,"Je, wanawake ni waamuzi wa moja kwa moja katika matumizi ya uwekezaji wa uwekezaji wa ARA?",,yes,,,,,,,,Yes_No,,,,input,
78,select_one Yes_No,select_one,ara_training,Did individual or farmer group receive ARA training?,"Je, mtu binafsi au kikundi cha wakulima kilipata mafunzo ya ARA?",,yes,,,,,,,,Yes_No,,,,input,
79,select_multiple training_type,select_multiple,training_type,Type of Training Received,Aina ya Mafunzo Yaliyopokelewa,,yes,,${ara_training}='1',,,,,,training_type,,,,input,
80,select_multiple target_group,select_multiple,target_group,Target Groups Covered,Makundi Lengwa Yaliyofikiwa,,yes,,${ara_training}='1',count-selected(.) >= 1,,,,,target_group,,,,input,
81,integer,integer,male_trained,Number of MALE farmers trained,Idadi ya Wakulima wa Kiume Waliofundishwa,,yes,,${ara_training}='1',. >= 0,,,,,,,,,input,
82,integer,integer,female_trained,Number of FEMALE farmers trained,Idadi ya Wakulima wa Kike Waliofundishwa,,yes,,${ara_training}='1',. >= 0,,,,,,,,,input,
85,select_one Yes_No,select_one,gender_content,Was gender-responsive content included?,"Je, maudhui yanayozingatia usawa wa kijinsia yalijumuishwa?",,yes,,${ara_training}='1',,,,,,Yes_No,,,,input,
86,select_one gender_focus,select_one,gender_focus,Brief gender focus description,Maelezo Mafupi ya Mwelekeo wa Kijinsia,,yes,,${ara_training}='1',,,,,,gender_focus,,,,input,
90,select_multiple vc_stages,select_multiple,vc_stages,What are Value Chain Stages activities involved in this project?,"Je, ni shughuli gani zinazotekelezwa katika kila hatua ya mnyororo wa thamani wa mradi huu?",,yes,,,,,,,,vc_stages,,,,input,
92,integer,integer,farm_preparation_dm,Direct Male Beneficiaries,Wanufaika wa Kiume wa Moja kwa Moja,,yes,,,,,0,,,,,,,input,
93,integer,integer,farm_preparation_df,Direct Female Beneficiaries,Wanufaika wa Kike wa Moja kwa Moja,,yes,,,,,0,,,,,,,input,
96,integer,integer,farm_preparation_dy,Direct Youth (18-35),Vijana wa Moja kwa Moja (18-35),,yes,,,,,0,,,,,,,input,
97,integer,integer,farm_preparation_im,Indirect Male Beneficiaries,Wanufaika wa Kiume Wasio wa Moja kwa Moja,,yes,,,,,0,,,,,,,input,
98,integer,integer,farm_preparation_if,Indirect Female Beneficiaries,Wanufaika wa Kike Wasio wa Moja kwa Moja,,yes,,,,,0,,,,,,,input,
101,integer,integer,farm_preparation_iy,Indirect Youth (18-35),Vijana Wasio wa Moja kwa Moja (18-35),,yes,,,,,0,,,,,,,input,
104,integer,integer,farm_operations_dm,Direct Male Beneficiaries,Wanufaika wa Kiume wa Moja kwa Moja,,yes,,,,,0,,,,,,,input,
105,integer,integer,farm_operations_df,Direct Female Beneficiaries,Wanufaika wa Kike wa Moja kwa Moja,,yes,,,,,0,,,,,,,input,
108,integer,integer,farm_operations_dy,Direct Youth (18-35),Vijana wa Moja kwa Moja (18-35),,yes,,,,,0,,,,,,,input,
109,integer,integer,farm_operations_im,Indirect Male Beneficiaries,Wanufaika wa Kiume Wasio wa Moja kwa Moja,,yes,,,,,0,,,,,,,input,
110,integer,integer,farm_operations_if,Indirect Female Beneficiaries,Wanufaika wa Kike Wasio wa Moja kwa Moja,,yes,,,,,0,,,,,,,input,
113,integer,integer,farm_operations_iy,Indirect Youth (18-35),Vijana Wasio wa Moja kwa Moja (18-35),,yes,,,,,0,,,,,,,input,
116,integer,integer,input_supply_dm,Direct Male Beneficiaries,Wanufaika wa Kiume wa Moja kwa Moja,,yes,,,,,0,,,,,,,input,
117,integer,integer,input_supply_df,Direct Female Beneficiaries,Wanufaika wa Kike wa Moja kwa Moja,,yes,,,,,0,,,,,,,input,
120,integer,integer,input_supply_dy,Direct Youth (18-35),Vijana wa Moja kwa Moja (18-35),,yes,,,,,0,,,,,,,input,
121,integer,integer,input_supply_im,Indirect Male Beneficiaries,Wanufaika wa Kiume Wasio wa Moja kwa Moja,,yes,,,,,0,,,,,,,input,
122,integer,integer,input_supply_if,Indirect Female Beneficiaries,Wanufaika wa Kike Wasio wa Moja kwa Moja,,yes,,,,,0,,,,,,,input,
125,integer,integer,input_supply_iy,Indirect Youth (18-35),Vijana Wasio wa Moja kwa Moja (18-35),,yes,,,,,0,,,,,,,input,
128,integer,integer,weeding_dm,Direct Male Beneficiaries,Wanufaika wa Kiume wa Moja kwa Moja,,yes,,,,,0,,,,,,,input,
129,integer,integer,weeding_df,Direct Female Beneficiaries,Wanufaika wa Kike wa Moja kwa Moja,,yes,,,,,0,,,,,,,input,
132,integer,integer,weeding_dy,Direct Youth (18-35),Vijana wa Moja kwa Moja (18-35),,yes,,,,,0,,,,,,,input,
133,integer,integer,weeding_im,Indirect Male Beneficiaries,Wanufaika wa Kiume Wasio wa Moja kwa Moja,,yes,,,,,0,,,,,,,input,
134,integer,integer,weeding_if,Indirect Female Beneficiaries,Wanufaika wa Kike Wasio wa Moja kwa Moja,,yes,,,,,0,,,,,,,input,
137,integer,integer,weeding_iy,Indirect Youth (18-35),Vijana Wasio wa Moja kwa Moja (18-35),,yes,,,,,0,,,,,,,input,
140,integer,integer,pest_dm,Direct Male Beneficiaries,Wanufaika wa Kiume wa Moja kwa Moja,,yes,,,,,0,,,,,,,input,
141,integer,integer,pest_df,Direct Female Beneficiaries,Wanufaika wa Kike wa Moja kwa Moja,,yes,,,,,0,,,,,,,input,
144,integer,integer,pest_dy,Direct Youth (18-35),Vijana wa Moja kwa Moja (18-35),,yes,,,,,0,,,,,,,input,
145,integer,integer,pest_im,Indirect Male Beneficiaries,Wanufaika wa Kiume Wasio wa Moja kwa Moja,,yes,,,,,0,,,,,,,input,
146,integer,integer,pest_if,Indirect Female Beneficiaries,Wanufaika wa Kike Wasio wa Moja kwa Moja,,yes,,,,,0,,,,,,,input,
149,integer,integer,pest_iy,Indirect Youth (18-35),Vijana Wasio wa Moja kwa Moja (18-35),,yes,,,,,0,,,,,,,input,
152,integer,integer,harvesting_dm,Direct Male Beneficiaries,Wanufaika wa Kiume wa Moja kwa Moja,,yes,,,,,0,,,,,,,input,
153,integer,integer,harvesting_df,Direct Female Beneficiaries,Wanufaika wa Kike wa Moja kwa Moja,,yes,,,,,0,,,,,,,input,
156,integer,integer,harvesting_dy,Direct Youth (18-35),Vijana wa Moja kwa Moja (18-35),,yes,,,,,0,,,,,,,input,
157,integer,integer,harvesting_im,Indirect Male Beneficiaries,Wanufaika wa Kiume Wasio wa Moja kwa Moja,,yes,,,,,0,,,,,,,input,
158,integer,integer,harvesting_if,Indirect Female Beneficiaries,Wanufaika wa Kike Wasio wa Moja kwa Moja,,yes,,,,,0,,,,,,,input,
161,integer,integer,harvesting_iy,Indirect Youth (18-35),Vijana Wasio wa Moja kwa Moja (18-35),,yes,,,,,0,,,,,,,input,
164,integer,integer,postharvest_dm,Direct Male Beneficiaries,Wanufaika wa Kiume wa Moja kwa Moja,,yes,,,,,0,,,,,,,input,
165,integer,integer,postharvest_df,Direct Female Beneficiaries,Wanufaika wa Kike wa Moja kwa Moja,,yes,,,,,0,,,,,,,input,
168,integer,integer,postharvest_dy,Direct Youth (18-35),Vijana wa Moja kwa Moja (18-35),,yes,,,,,0,,,,,,,input,
169,integer,integer,postharvest_im,Indirect Male Beneficiaries,Wanufaika wa Kiume Wasio wa Moja kwa Moja,,yes,,,,,0,,,,,,,input,
170,integer,integer,postharvest_if,Indirect Female Beneficiaries,Wanufaika wa Kike Wasio wa Moja kwa Moja,,yes,,,,,0,,,,,,,input,
173,integer,integer,postharvest_iy,Indirect Youth (18-35),Vijana Wasio wa Moja kwa Moja (18-35),,yes,,,,,0,,,,,,,input,
176,integer,integer,storage_dm,Direct Male Beneficiaries,Wanufaika wa Kiume wa Moja kwa Moja,,yes,,,,,0,,,,,,,input,
177,integer,integer,storage_df,Direct Female Beneficiaries,Wanufaika wa Kike wa Moja kwa Moja,,yes,,,,,0,,,,,,,input,
180,integer,integer,storage_dy,Direct Youth (18-35),Vijana wa Moja kwa Moja (18-35),,yes,,,,,0,,,,,,,input,
181,integer,integer,storage_im,Indirect Male Beneficiaries,Wanufaika wa Kiume Wasio wa Moja kwa Moja,,yes,,,,,0,,,,,,,input,
182,integer,integer,storage_if,Indirect Female Beneficiaries,Wanufaika wa Kike Wasio wa Moja kwa Moja,,yes,,,,,0,,,,,,,input,
185,integer,integer,storage_iy,Indirect Youth (18-35),Vijana Wasio wa Moja kwa Moja (18-35),,yes,,,,,0,,,,,,,input,
188,integer,integer,transport_dm,Direct Male Beneficiaries,Wanufaika wa Kiume wa Moja kwa Moja,,yes,,,,,0,,,,,,,input,
189,integer,integer,transport_df,Direct Female Beneficiaries,Wanufaika wa Kike wa Moja kwa Moja,,yes,,,,,0,,,,,,,input,
192,integer,integer,transport_dy,Direct Youth (18-35),Vijana wa Moja kwa Moja (18-35),,yes,,,,,0,,,,,,,input,
193,integer,integer,transport_im,Indirect Male Beneficiaries,Wanufaika wa Kiume Wasio wa Moja kwa Moja,,yes,,,,,0,,,,,,,input,
194,integer,integer,transport_if,Indirect Female Beneficiaries,Wanufaika wa Kike Wasio wa Moja kwa Moja,,yes,,,,,0,,,,,,,input,
197,integer,integer,transport_iy,Indirect Youth (18-35),Vijana Wasio wa Moja kwa Moja (18-35),,yes,,,,,0,,,,,,,input,
200,integer,integer,processing_dm,Direct Male Beneficiaries,Wanufaika wa Kiume wa Moja kwa Moja,,yes,,,,,0,,,,,,,input,
201,integer,integer,processing_df,Direct Female Beneficiaries,Wanufaika wa Kike wa Moja kwa Moja,,yes,,,,,0,,,,,,,input,
204,integer,integer,processing_dy,Direct Youth (18-35),Vijana wa Moja kwa Moja (18-35),,yes,,,,,0,,,,,,,input,
205,integer,integer,processing_im,Indirect Male Beneficiaries,Wanufaika wa Kiume Wasio wa Moja kwa Moja,,yes,,,,,0,,,,,,,input,
206,integer,integer,processing_if,Indirect Female Beneficiaries,Wanufaika wa Kike Wasio wa Moja kwa Moja,,yes,,,,,0,,,,,,,input,
209,integer,integer,processing_iy,Indirect Youth (18-35),Vijana Wasio wa Moja kwa Moja (18-35),,yes,,,,,0,,,,,,,input,
212,integer,integer,aquaculture_dm,Direct Male Beneficiaries,Wanufaika wa Kiume wa Moja kwa Moja,,yes,,,,,0,,,,,,,input,
213,integer,integer,aquaculture_df,Direct Female Beneficiaries,Wanufaika wa Kike wa Moja kwa Moja,,yes,,,,,0,,,,,,,input,
216,integer,integer,aquaculture_dy,Direct Youth (18-35),Vijana wa Moja kwa Moja (18-35),,yes,,,,,0,,,,,,,input,
217,integer,integer,aquaculture_im,Indirect Male Beneficiaries,Wanufaika wa Kiume Wasio wa Moja kwa Moja,,yes,,,,,0,,,,,,,input,
218,integer,integer,aquaculture_if,Indirect Female Beneficiaries,Wanufaika wa Kike Wasio wa Moja kwa Moja,,yes,,,,,0,,,,,,,input,
221,integer,integer,aquaculture_iy,Indirect Youth (18-35),Vijana Wasio wa Moja kwa Moja (18-35),,yes,,,,,0,,,,,,,input,
224,integer,integer,landing_dm,Direct Male Beneficiaries,Wanufaika wa Kiume wa Moja kwa Moja,,yes,,,,,0,,,,,,,input,
225,integer,integer,landing_df,Direct Female Beneficiaries,Wanufaika wa Kike wa Moja kwa Moja,,yes,,,,,0,,,,,,,input,
228,integer,integer,landing_dy,Direct Youth (18-35),Vijana wa Moja kwa Moja (18-35),,yes,,,,,0,,,,,,,input,
229,integer,integer,landing_im,Indirect Male Beneficiaries,Wanufaika wa Kiume Wasio wa Moja kwa Moja,,yes,,,,,0,,,,,,,input,
230,integer,integer,landing_if,Indirect Female Beneficiaries,Wanufaika wa Kike Wasio wa Moja kwa Moja,,yes,,,,,0,,,,,,,input,
233,integer,integer,landing_iy,Indirect Youth (18-35),Vijana Wasio wa Moja kwa Moja (18-35),,yes,,,,,0,,,,,,,input,
236,integer,integer,aquaponics_dm,Direct Male Beneficiaries,Wanufaika wa Kiume wa Moja kwa Moja,,yes,,,,,0,,,,,,,input,
237,integer,integer,aquaponics_df,Direct Female Beneficiaries,Wanufaika wa Kike wa Moja kwa Moja,,yes,,,,,0,,,,,,,input,
240,integer,integer,aquaponics_dy,Direct Youth (18-35),Vijana wa Moja kwa Moja (18-35),,yes,,,,,0,,,,,,,input,
241,integer,integer,aquaponics_im,Indirect Male Beneficiaries,Wanufaika wa Kiume Wasio wa Moja kwa Moja,,yes,,,,,0,,,,,,,input,
242,integer,integer,aquaponics_if,Indirect Female Beneficiaries,Wanufaika wa Kike Wasio wa Moja kwa Moja,,yes,,,,,0,,,,,,,input,
245,integer,integer,aquaponics_iy,Indirect Youth (18-35),Vijana Wasio wa Moja kwa Moja (18-35),,yes,,,,,0,,,,,,,input,
248,integer,integer,marketing_dm,Direct Male Beneficiaries,Wanufaika wa Kiume wa Moja kwa Moja,,yes,,,,,0,,,,,,,input,
249,integer,integer,marketing_df,Direct Female Beneficiaries,Wanufaika wa Kike wa Moja kwa Moja,,yes,,,,,0,,,,,,,input,
252,integer,integer,marketing_dy,Direct Youth (18-35),Vijana wa Moja kwa Moja (18-35),,yes,,,,,0,,,,,,,input,
253,integer,integer,marketing_im,Indirect Male Beneficiaries,Wanufaika wa Kiume Wasio wa Moja kwa Moja,,yes,,,,,0,,,,,,,input,
254,integer,integer,marketing_if,Indirect Female Beneficiaries,Wanufaika wa Kike Wasio wa Moja kwa Moja,,yes,,,,,0,,,,,,,input,
257,integer,integer,marketing_iy,Indirect Youth (18-35),Vijana Wasio wa Moja kwa Moja (18-35),,yes,,,,,0,,,,,,,input,
260,integer,integer,consumption_dm,Direct Male Beneficiaries,Wanufaika wa Kiume wa Moja kwa Moja,,yes,,,,,0,,,,,,,input,
261,integer,integer,consumption_df,Direct Female Beneficiaries,Wanufaika wa Kike wa Moja kwa Moja,,yes,,,,,0,,,,,,,input,
264,integer,integer,consumption_dy,Direct Youth (18-35),Vijana wa Moja kwa Moja (18-35),,yes,,,,,0,,,,,,,input,
265,integer,integer,consumption_im,Indirect Male Beneficiaries,Wanufaika wa Kiume Wasio wa Moja kwa Moja,,yes,,,,,0,,,,,,,input,
266,integer,integer,consumption_if,Indirect Female Beneficiaries,Wanufaika wa Kike Wasio wa Moja kwa Moja,,yes,,,,,0,,,,,,,input,
269,integer,integer,consumption_iy,Indirect Youth (18-35),Vijana Wasio wa Moja kwa Moja (18-35),,yes,,,,,0,,,,,,,input,
272,integer,integer,training_dm,Direct Male Beneficiaries,Wanufaika wa Kiume wa Moja kwa Moja,,yes,,,,,0,,,,,,,input,
273,integer,integer,training_df,Direct Female Beneficiaries,Wanufaika wa Kike wa Moja kwa Moja,,yes,,,,,0,,,,,,,input,
276,integer,integer,training_dy,Direct Youth (18-35),Vijana wa Moja kwa Moja (18-35),,yes,,,,,0,,,,,,,input,
277,integer,integer,training_im,Indirect Male Beneficiaries,Wanufaika wa Kiume Wasio wa Moja kwa Moja,,yes,,,,,0,,,,,,,input,
278,integer,integer,training_if,Indirect Female Beneficiaries,Wanufaika wa Kike Wasio wa Moja kwa Moja,,yes,,,,,0,,,,,,,input,
281,integer,integer,training_iy,Indirect Youth (18-35),Vijana Wasio wa Moja kwa Moja (18-35),,yes,,,,,0,,,,,,,input,
284,integer,integer,aracsa_dm,Direct Male Beneficiaries,Wanufaika wa Kiume wa Moja kwa Moja,,yes,,,,,0,,,,,,,input,
285,integer,integer,aracsa_df,Direct Female Beneficiaries,Wanufaika wa Kike wa Moja kwa Moja,,yes,,,,,0,,,,,,,input,
288,integer,integer,aracsa_dy,Direct Youth (18-35),Vijana wa Moja kwa Moja (18-35),,yes,,,,,0,,,,,,,input,
289,integer,integer,aracsa_im,Indirect Male Beneficiaries,Wanufaika wa Kiume Wasio wa Moja kwa Moja,,yes,,,,,0,,,,,,,input,
290,integer,integer,aracsa_if,Indirect Female Beneficiaries,Wanufaika wa Kike Wasio wa Moja kwa Moja,,yes,,,,,0,,,,,,,input,
293,integer,integer,aracsa_iy,Indirect Youth (18-35),Vijana Wasio wa Moja kwa Moja (18-35),,yes,,,,,0,,,,,,,input,
296,integer,integer,other_dm,Direct Male Beneficiaries,Wanufaika wa Kiume wa Moja kwa Moja,,yes,,,,,0,,,,,,,input,
297,integer,integer,other_df,Direct Female Beneficiaries,Wanufaika wa Kike wa Moja kwa Moja,,yes,,,,,0,,,,,,,input,
300,integer,integer,other_dy,Direct Youth (18-35),Vijana wa Moja kwa Moja (18-35),,yes,,,,,0,,,,,,,input,
301,integer,integer,other_im,Indirect Male Beneficiaries,Wanufaika wa Kiume Wasio wa Moja kwa Moja,,yes,,,,,0,,,,,,,input,
302,integer,integer,other_if,Indirect Female Beneficiaries,Wanufaika wa Kike Wasio wa Moja kwa Moja,,yes,,,,,0,,,,,,,input,
305,integer,integer,other_iy,Indirect Youth (18-35),Vijana Wasio wa Moja kwa Moja (18-35),,yes,,,,,0,,,,,,,input,
336,select_one Yes_No,select_one,exclusion_screen_passed,Exclusion Screen Passed?,"Je, uchunguzi wa vigezo vya kutengwa umefaulu?",,yes,,,,,,,,Yes_No,,,,input,
337,select_one risk_category,select_one,es_risk_category,E&S Risk Category,Kundi la Hatari za Kimazingira na Kijamii,,yes,,,,,,,,risk_category,,,,input,
338,select_one Yes_No,select_one,disclosure_published,Disclosure Published?,"Je, taarifa imechapishwa?",,yes,,${es_risk_category}=‘B’,,,,,,Yes_No,,,,input,
339,date,date,disclosure_date,Disclosure Date,Tarehe ya Kuchapishwa,,yes,,${disclosure_published}=‘1’,,,,,,,,,,input,
340,select_one Yes_No,select_one,grm_complaint,GRM Complaint?,"Je, kuna malalamiko kupitia GRM?",,yes,,,,,,,,Yes_No,,,,input,
341,select_one Yes_No,select_one,ess_grievance,Is there an ESS related grievance/complaint related to project/farm?,"Je, kuna malalamiko yanayohusiana na ESS katika mradi/shamba?",,yes,,,,,,,,Yes_No,,,,input,
342,text,text,grievance_name,Briefly name the Complaint/Grievance,Taja kwa ufupi malalamiko hayo,,yes,,${ess_grievance}=‘1’,,,,,,,,,,input,
343,select_one grievance_stage,select_one,grievance_stage,What stage of GRM for above Compliant/Grivance?,Malalamiko yako katika hatua gani ya GRM?,,yes,,,,,,,,grievance_stage,,,,input,
344,text,text,grievance_name_other,Other stage of GRM for above Compliant/Grivance?,Malalamiko yako mengine katika hatua gani ya GRM,,yes,,${grievance_stage}=‘96’,,,,,,,,,,input,
345,select_multiple Climate_hazards,select_multiple,Climate_hazards,Climate hazards  affected  farm/business in the past 3–5 years,Majanga ya hali ya hewa yaliyoathiri shamba/biashara katika kipindi cha miaka 3–5 iliyopita,,yes,,,,,,,,Climate_hazards,,,,input,
346,text,text,other_Climate_hazards,"Please specify the ""other"" Climate_hazards.",Tafadhali taja janga lingine la hali ya hewa ambalo halijaorodheshwa hapo juu,,yes,,"selected(${Climate_hazards}, '96')",,,,,,,,,,input,
347,select_one frequently,select_one,frequently,How frequently do these climate events occur,Matukio haya ya hali ya hewa hutokea mara ngapi?,,yes,,,,,,,,frequently,,,,input,
348,select_multiple collateral,select_multiple,collateral,Assets used as collateral for your farming/business loan?,Ni mali zipi zimetumika kama dhamana ya mkopo wako wa kilimo au biashara?,,yes,,,,,,,,collateral,,,,input,
349,text,text,other_collateral,"Please specify the ""other""",Tafadhali taja nyingine,,yes,,"selected(${collateral}, '96')",,,,,,,,,,input,
350,select_one exposure_level,select_one,exposure_level,How exposed is your collateral to climate risks?,Dhamana yako imeathiriwa kwa kiwango gani na hatari za hali ya hewa?,,yes,,,,,,,,exposure_level,,,,input,
354,select_one Yes_No,select_one,accessed_insurance,Accessed TACATDP Insurance,"Je, alinufaika na Bima ya TACATDP?",,yes,,,,,,,,Yes_No,,,,input,
355,select_one insurance_year,select_one,insurance_year,Insurance Year,Mwaka wa Bima,,yes,,${accessed_insurance}='1',,,,,,insurance_year,,,,input,
356,select_one insurance_type,select_one,insurance_type,Insurance Type,Aina ya Bima,,yes,,${accessed_insurance}='1',,,,,,insurance_type,,,,input,
359,select_one guarantee_coverage,select_one,guarantee_coverage,Guarantee Coverage %,Asilimia ya Dhamana (%),,yes,,${qualified_guarantee}='1',,,,,,guarantee_coverage,,,,input,
363,select_one baseline_tech_list,select_one,baseline_tech,Baseline Technology,Baseline Technology – Teknolojia ya Awali,,yes,,,,,,,,baseline_tech_list,,,,input,
364,text,text,other_baseline_tech,Other Baseline Technology,Other Baseline Technology – Teknolojia Nyingine ya Awali (Tafadhali Eleza),,yes,,${baseline_tech}='96',,,,,,,,,,input,
365,select_one new_tech_list,select_one,new_tech,New Financed Technology,New Financed Technology – Teknolojia Mpya Iliyofadhiliwa,,yes,,,,,,,,new_tech_list,,,,input,
366,text,text,other_new_tech,Other New Financed Technology,Other New Financed Technology – Teknolojia Nyingine Mpya Iliyofadhiliwa (Tafadhali Eleza),,yes,,${new_tech}='96',,,,,,,,,,input,
367,select_one energy_base_list,select_one,energy_base,Energy Source Baseline,Energy Source Baseline – Chanzo cha Nishati Kabla ya Mradi,,yes,,,,,,,,energy_base_list,,,,input,
368,text,text,other_energy_base,Other Energy Source Baseline,Other Energy Source Baseline – Chanzo Kingine cha Nishati Kabla ya Mradi (Tafadhali Eleza),,yes,,${energy_base}='96',,,,,,,,,,input,
369,select_one energy_after_list,select_one,energy_after,Energy Source After,Energy Source After – Chanzo cha Nishati Baada ya Mradi,,yes,,,,,,,,energy_after_list,,,,input,
370,text,text,other_energy_after,Other Energy Source After,Other Energy Source After – Chanzo Kingine cha Nishati Baada ya Mradi (Tafadhali Eleza),,yes,,${energy_after}='96',,,,,,,,,,input,
371,decimal,decimal,base_hours,Baseline Hours/year,Baseline Hours/year – Idadi ya Saa za Matumizi kwa Mwaka Kabla ya Mradi,,yes,,${energy_base}='1',,,,,,,,,,input,
372,decimal,decimal,diesel_rate,Diesel Rate (L/hr),Diesel Rate (L/hr) – Kiwango cha Matumizi ya Dizeli (Lita kwa Saa),,yes,,${energy_base}='1',,,,,,,,,,input,
378,decimal,decimal,diesel_proj,Project Diesel Use (L/year),Matumizi ya Dizeli ya Mradi (Lita kwa Mwaka),,yes,,,,,0,,,,,,,input,
382,integer,integer,lifespan,Lifespan,Muda wa Maisha wa Teknolojia/Vifaa (Miaka),,yes,,,,,10,,,,,,,input,
390,select_one crop_name,select_one,crop,Crop Type,Aina ya zao,,yes,,,,,,,,crop_name,,,,input,
391,decimal,decimal,area,Irrigated Area (Ha),Eneo linalomwagiliwa (Ha),,yes,,,,,,,,,,,,input,
392,select_one water_tech_list,select_one,water_tech,Newly Adopted Sustainable Irrigation Technology,Teknolojia mpya ya umwagiliaji endelevu iliyotumika,,yes,,,,,,,,water_tech_list,,,,input,
393,text,text,other_water_tech,Other Newly Adopted Sustainable Irrigation Technology,"Teknolojia nyingine mpya ya umwagiliaji endelevu, taja",,yes,,${water_tech}='96',,,,,,,,,,input,
394,select_one irr_base_list,select_one,irr_base,Baseline Unsustainable Irrigation Practice to Be Replaced,Mbinu ya awali ya umwagiliaji isiyo endelevu itakayobadilishwa,,yes,,,,,,,,irr_base_list,,,,input,
395,text,text,other_irr_base,Other Baseline Unsustainable Irrigation Practice to Be Replaced,"Mbinu nyingine ya awali ya umwagiliaji isiyo endelevu itakayobadilishwa, taja",,yes,,${irr_base}='96',,,,,,,,,,input,
396,decimal,decimal,water_base,Water Baseline (m³/year),Kiasi cha maji kilichotumika kabla ya utekelezaji (m³ kwa mwaka),,yes,,,,,,,,,,,,input,
397,decimal,decimal,water_after,Water After (m³/year),Kiasi cha maji kinachotumika baada ya utekelezaji (m³ kwa mwaka),,yes,,,,,,,,,,,,input,
404,decimal,decimal,yield_base,Baseline Yield (kg),Mavuno ya awali (kg),,yes,,,.>=0,Enter a valid yield,,,,,,,,input,
405,decimal,decimal,price_base,Price Before (TZS/kg),Bei kabla ya utekelezaji (TZS/kg),,yes,,,.>=0,Enter a valid price,,,,,,,,input,
408,decimal,decimal,yield_after1,Yield After Intervention (kg),Mavuno baada ya utekelezaji (kg),,yes,,,.>=0,Enter a valid yield,,,,,,,,input,
409,decimal,decimal,price_after1,Price After (TZS/kg),Bei baada ya utekelezaji (TZS/kg),,yes,,,.>=0,Enter a valid price,,,,,,,,input,
417,select_one Yes_No,select_one,quantify_cost,Would you like to quantify production cost and income?,"Je, uko tayari kutoa taarifa za gharama za uzalishaji na mapato?",,yes,,,,,,,,Yes_No,,,,input,
420,select_one reporting_period,select_one,reporting_period,Reporting period,Kipindi cha taarifa,,yes,,${quantify_cost}='1',,,,,,reporting_period,,,,input,
421,decimal,decimal,farm_size,Cultivated area (Acres),Eneo lililolimwa (Ekari),,yes,,${quantify_cost}='1',,,,,,,,,,input,
422,decimal,decimal,production_before,Production before TACATDP (kg),Uzalishaji kabla ya TACATDP (Kg),,yes,,${quantify_cost}='1',,,,,,,,,,input,
423,decimal,decimal,production_after,Production after TACATDP (kg),Uzalishaji baada ya TACATDP (Kg),,yes,,${quantify_cost}='1',,,,,,,,,,input,
428,select_multiple vc_stages,select_multiple,vc_stages1,Select all value chain stages with production costs,Chagua hatua zote za mnyororo wa thamani zenye gharama za uzalishaji,,yes,,${quantify_cost}='1',,,,,,vc_stages,,,,input,
430,select_one cost_item,select_one,vc1_cost_item,Production cost item,Kipengele cha gharama,,yes,,,,,,,,cost_item,,,,input,
431,select_one unit_measure,select_one,vc1_unit,Unit of measure,Kipimo,,yes,,,,,,,,unit_measure,,,,input,
432,decimal,decimal,vc1_quantity,Quantity,Kiasi,,yes,,,,,,,,,,,,input,
433,decimal,decimal,vc1_unit_cost,Unit cost (TZS),Gharama kwa kila kipimo (TZS),,yes,,,,,,,,,,,,input,
437,select_one cost_item,select_one,vc2_cost_item,Production cost item,Kipengele cha gharama,,yes,,,,,,,,cost_item,,,,input,
438,select_one unit_measure,select_one,vc2_unit,Unit of measure,Kipimo,,yes,,,,,,,,unit_measure,,,,input,
439,decimal,decimal,vc2_quantity,Quantity,Kiasi,,yes,,,,,,,,,,,,input,
440,decimal,decimal,vc2_unit_cost,Unit cost (TZS),Gharama kwa kila kipimo (TZS),,yes,,,,,,,,,,,,input,
444,select_one cost_item,select_one,vc3_cost_item,Production cost item,Kipengele cha gharama,,yes,,,,,,,,cost_item,,,,input,
445,select_one unit_measure,select_one,vc3_unit,Unit of measure,Kipimo,,yes,,,,,,,,unit_measure,,,,input,
446,decimal,decimal,vc3_quantity,Quantity,Kiasi,,yes,,,,,,,,,,,,input,
447,decimal,decimal,vc3_unit_cost,Unit cost (TZS),Gharama kwa kila kipimo (TZS),,yes,,,,,,,,,,,,input,
451,select_one cost_item,select_one,vc4_cost_item,Production cost item,Kipengele cha gharama,,yes,,,,,,,,cost_item,,,,input,
452,select_one unit_measure,select_one,vc4_unit,Unit of measure,Kipimo,,yes,,,,,,,,unit_measure,,,,input,
453,decimal,decimal,vc4_quantity,Quantity,Kiasi,,yes,,,,,,,,,,,,input,
454,decimal,decimal,vc4_unit_cost,Unit cost (TZS),Gharama kwa kila kipimo (TZS),,yes,,,,,,,,,,,,input,
458,select_one cost_item,select_one,vc5_cost_item,Production cost item,Kipengele cha gharama,,yes,,,,,,,,cost_item,,,,input,
459,select_one unit_measure,select_one,vc5_unit,Unit of measure,Kipimo,,yes,,,,,,,,unit_measure,,,,input,
460,decimal,decimal,vc5_quantity,Quantity,Kiasi,,yes,,,,,,,,,,,,input,
461,decimal,decimal,vc5_unit_cost,Unit cost (TZS),Gharama kwa kila kipimo (TZS),,yes,,,,,,,,,,,,input,
465,select_one cost_item,select_one,vc6_cost_item,Production cost item,Kipengele cha gharama,,yes,,,,,,,,cost_item,,,,input,
466,select_one unit_measure,select_one,vc6_unit,Unit of measure,Kipimo,,yes,,,,,,,,unit_measure,,,,input,
467,decimal,decimal,vc6_quantity,Quantity,Kiasi,,yes,,,,,,,,,,,,input,
468,decimal,decimal,vc6_unit_cost,Unit cost (TZS),Gharama kwa kila kipimo (TZS),,yes,,,,,,,,,,,,input,
472,select_one cost_item,select_one,vc7_cost_item,Production cost item,Kipengele cha gharama,,yes,,,,,,,,cost_item,,,,input,
473,select_one unit_measure,select_one,vc7_unit,Unit of measure,Kipimo,,yes,,,,,,,,unit_measure,,,,input,
474,decimal,decimal,vc7_quantity,Quantity,Kiasi,,yes,,,,,,,,,,,,input,
475,decimal,decimal,vc7_unit_cost,Unit cost (TZS),Gharama kwa kila kipimo (TZS),,yes,,,,,,,,,,,,input,
479,select_one cost_item,select_one,vc8_cost_item,Production cost item,Kipengele cha gharama,,yes,,,,,,,,cost_item,,,,input,
480,select_one unit_measure,select_one,vc8_unit,Unit of measure,Kipimo,,yes,,,,,,,,unit_measure,,,,input,
481,decimal,decimal,vc8_quantity,Quantity,Kiasi,,yes,,,,,,,,,,,,input,
482,decimal,decimal,vc8_unit_cost,Unit cost (TZS),Gharama kwa kila kipimo (TZS),,yes,,,,,,,,,,,,input,
486,select_one cost_item,select_one,vc9_cost_item,Production cost item,Kipengele cha gharama,,yes,,,,,,,,cost_item,,,,input,
487,select_one unit_measure,select_one,vc9_unit,Unit of measure,Kipimo,,yes,,,,,,,,unit_measure,,,,input,
488,decimal,decimal,vc9_quantity,Quantity,Kiasi,,yes,,,,,,,,,,,,input,
489,decimal,decimal,vc9_unit_cost,Unit cost (TZS),Gharama kwa kila kipimo (TZS),,yes,,,,,,,,,,,,input,
493,select_one cost_item,select_one,vc10_cost_item,Production cost item,Kipengele cha gharama,,yes,,,,,,,,cost_item,,,,input,
494,select_one unit_measure,select_one,vc10_unit,Unit of measure,Kipimo,,yes,,,,,,,,unit_measure,,,,input,
495,decimal,decimal,vc10_quantity,Quantity,Kiasi,,yes,,,,,,,,,,,,input,
496,decimal,decimal,vc10_unit_cost,Unit cost (TZS),Gharama kwa kila kipimo (TZS),,yes,,,,,,,,,,,,input,
500,select_one cost_item,select_one,vc11_cost_item,Production cost item,Kipengele cha gharama,,yes,,,,,,,,cost_item,,,,input,
501,select_one unit_measure,select_one,vc11_unit,Unit of measure,Kipimo,,yes,,,,,,,,unit_measure,,,,input,
502,decimal,decimal,vc11_quantity,Quantity,Kiasi,,yes,,,,,,,,,,,,input,
503,decimal,decimal,vc11_unit_cost,Unit cost (TZS),Gharama kwa kila kipimo (TZS),,yes,,,,,,,,,,,,input,
507,select_one cost_item,select_one,vc12_cost_item,Production cost item,Kipengele cha gharama,,yes,,,,,,,,cost_item,,,,input,
508,select_one unit_measure,select_one,vc12_unit,Unit of measure,Kipimo,,yes,,,,,,,,unit_measure,,,,input,
509,decimal,decimal,vc12_quantity,Quantity,Kiasi,,yes,,,,,,,,,,,,input,
510,decimal,decimal,vc12_unit_cost,Unit cost (TZS),Gharama kwa kila kipimo (TZS),,yes,,,,,,,,,,,,input,
514,select_one cost_item,select_one,vc13_cost_item,Production cost item,Kipengele cha gharama,,yes,,,,,,,,cost_item,,,,input,
515,select_one unit_measure,select_one,vc13_unit,Unit of measure,Kipimo,,yes,,,,,,,,unit_measure,,,,input,
516,decimal,decimal,vc13_quantity,Quantity,Kiasi,,yes,,,,,,,,,,,,input,
517,decimal,decimal,vc13_unit_cost,Unit cost (TZS),Gharama kwa kila kipimo (TZS),,yes,,,,,,,,,,,,input,
521,select_one cost_item,select_one,vc14_cost_item,Production cost item,Kipengele cha gharama,,yes,,,,,,,,cost_item,,,,input,
522,select_one unit_measure,select_one,vc14_unit,Unit of measure,Kipimo,,yes,,,,,,,,unit_measure,,,,input,
523,decimal,decimal,vc14_quantity,Quantity,Kiasi,,yes,,,,,,,,,,,,input,
524,decimal,decimal,vc14_unit_cost,Unit cost (TZS),Gharama kwa kila kipimo (TZS),,yes,,,,,,,,,,,,input,
528,select_one cost_item,select_one,vc15_cost_item,Production cost item,Kipengele cha gharama,,yes,,,,,,,,cost_item,,,,input,
529,select_one unit_measure,select_one,vc15_unit,Unit of measure,Kipimo,,yes,,,,,,,,unit_measure,,,,input,
530,decimal,decimal,vc15_quantity,Quantity,Kiasi,,yes,,,,,,,,,,,,input,
531,decimal,decimal,vc15_unit_cost,Unit cost (TZS),Gharama kwa kila kipimo (TZS),,yes,,,,,,,,,,,,input,
535,select_one cost_item,select_one,vc16_cost_item,Production cost item,Kipengele cha gharama,,yes,,,,,,,,cost_item,,,,input,
536,select_one unit_measure,select_one,vc16_unit,Unit of measure,Kipimo,,yes,,,,,,,,unit_measure,,,,input,
537,decimal,decimal,vc16_quantity,Quantity,Kiasi,,yes,,,,,,,,,,,,input,
538,decimal,decimal,vc16_unit_cost,Unit cost (TZS),Gharama kwa kila kipimo (TZS),,yes,,,,,,,,,,,,input,
542,select_one cost_item,select_one,vc17_cost_item,Production cost item,Kipengele cha gharama,,yes,,,,,,,,cost_item,,,,input,
543,select_one unit_measure,select_one,vc17_unit,Unit of measure,Kipimo,,yes,,,,,,,,unit_measure,,,,input,
544,decimal,decimal,vc17_quantity,Quantity,Kiasi,,yes,,,,,,,,,,,,input,
545,decimal,decimal,vc17_unit_cost,Unit cost (TZS),Gharama kwa kila kipimo (TZS),,yes,,,,,,,,,,,,input,
549,select_one cost_item,select_one,vc18_cost_item,Production cost item,Kipengele cha gharama,,yes,,,,,,,,cost_item,,,,input,
550,select_one unit_measure,select_one,vc18_unit,Unit of measure,Kipimo,,yes,,,,,,,,unit_measure,,,,input,
551,decimal,decimal,vc18_quantity,Quantity,Kiasi,,yes,,,,,,,,,,,,input,
552,decimal,decimal,vc18_unit_cost,Unit cost (TZS),Gharama kwa kila kipimo (TZS),,yes,,,,,,,,,,,,input,
556,decimal,decimal,qty_sold,Quantity sold,Kiasi kilichouzwa,,yes,,${quantify_cost}='1',,,,,,,,,,input,
557,decimal,decimal,selling_price,Selling price (TZS per unit),Bei ya kuuza (TZS kwa kila kipimo),,yes,,${quantify_cost}='1',,,,,,,,,,input,
559,decimal,decimal,household_consumption,Quantity consumed at home,Kiasi kilichotumika nyumbani,,yes,,${quantify_cost}='1',,,,,,,,,,input,
560,decimal,decimal,baseline_loss,Post-harvest loss before TACATDP,Upotevu baada ya mavuno kabla ya mradi wa TACATDP,,yes,,${quantify_cost}='1',,,,,,,,,,input,
561,decimal,decimal,current_loss,Post-harvest loss after TACATDP,Upotevu baada ya mavuno baada ya mradi wa TACATDP,,yes,,${quantify_cost}='1',,,,,,,,,,input,
567,select_multiple intervention,select_multiple,interventions,TACATDP intervention(s) received,Afua za mradi wa TACATDP ulizopatiwa,,yes,,${quantify_cost}='1',,,,,,intervention,,,,input,
568,text,text,intervention_other,Specify other intervention,Taja afua nyingine,,yes,,"selected(${interventions}, '96')",,,,,,,,,,input,
569,select_multiple adaptation_result,select_multiple,adaptation_result,Expected impact,Matokeo yanayotarajiwa,,yes,,${quantify_cost}='1',,,,,,adaptation_result,,,,input,
570,text,text,adaptation_result_other,Specify other intervention,Taja afua nyingine,,yes,,"selected(${adaptation_result}, '96')",,,,,,,,,,input,
571,select_one verification,select_one,verification,Source of verification,Chanzo cha uthibitisho,,yes,,${quantify_cost}='1',,,,,,verification,,,,input,
572,text,text,verification_other,Specify other source of verification,Taja chanzo kingine cha uthibitisho,,yes,,${verification}='96',,,,,,,,,,input,
